date,precipitation
2016-02-16 00:00:00,0
2016-02-17 00:00:00,0
2016-02-18 00:00:00,0
2016-02-19 00:00:00,0
2016-02-20 00:00:00,0
2016-02-21 00:00:00,27.323
2016-02-22 00:00:00,13.661
2016-02-23 00:00:00,0
2016-02-24 00:00:00,0
2016-02-25 00:00:00,0
2016-02-26 00:00:00,0
2016-02-27 00:00:00,0
2016-02-28 00:00:00,0
2016-02-29 00:00:00,0
2016-03-01 00:00:00,0
2016-03-02 00:00:00,0
2016-03-03 00:00:00,0
2016-03-04 00:00:00,0
2016-03-05 00:00:00,0
2016-03-06 00:00:00,0
2016-03-07 00:00:00,0
2016-03-08 00:00:00,0
2016-03-09 00:00:00,44.423
2016-03-10 00:00:00,14.808
2016-03-11 00:00:00,0
2016-03-12 00:00:00,0
2016-03-13 00:00:00,0
2016-03-14 00:00:00,0
2016-03-15 00:00:00,0
2016-03-16 00:00:00,0
2016-03-17 00:00:00,0
2016-03-18 00:00:00,0
2016-03-19 00:00:00,0
2016-03-20 00:00:00,0
2016-03-21 00:00:00,0
2016-03-22 00:00:00,0
2016-03-23 00:00:00,0
2016-03-24 00:00:00,0
2016-03-25 00:00:00,0
2016-03-26 00:00:00,0
2016-03-27 00:00:00,0
2016-03-28 00:00:00,0
2016-03-29 00:00:00,0
2016-03-30 00:00:00,0
2016-03-31 00:00:00,0
2016-04-01 00:00:00,0
2016-04-02 00:00:00,0
2016-04-03 00:00:00,0
2016-04-04 00:00:00,0
2016-04-05 00:00:00,0
2016-04-06 00:00:00,0
2016-04-07 00:00:00,0
2016-04-08 00:00:00,8.076
2016-04-09 00:00:00,8.076
2016-04-10 00:00:00,0
2016-04-11 00:00:00,0
2016-04-12 00:00:00,0
2016-04-13 00:00:00,0
2016-04-14 00:00:00,0
2016-04-15 00:00:00,0
2016-04-16 00:00:00,0
2016-04-17 00:00:00,0
2016-04-18 00:00:00,0
2016-04-19 00:00:00,0
2016-04-20 00:00:00,0
2016-04-21 00:00:00,0
2016-04-22 00:00:00,0
2016-04-23 00:00:00,0
2016-04-24 00:00:00,0
2016-04-25 00:00:00,0
2016-04-26 00:00:00,0
2016-04-27 00:00:00,0
2016-04-28 00:00:00,0
2016-04-29 00:00:00,0
2016-04-30 00:00:00,0
2016-05-01 00:00:00,0
2016-05-02 00:00:00,0
2016-05-03 00:00:00,0
2016-05-04 00:00:00,6.712
2016-05-05 00:00:00,0
2016-05-06 00:00:00,0
2016-05-07 00:00:00,0
2016-05-08 00:00:00,6.03
2016-05-09 00:00:00,0
2016-05-10 00:00:00,0
2016-05-11 00:00:00,0
2016-05-12 00:00:00,0
2016-05-13 00:00:00,0
2016-05-14 00:00:00,11.272
2016-05-15 00:00:00,0
2016-05-16 00:00:00,0
2016-05-17 00:00:00,0
2016-05-18 00:00:00,7.4
2016-05-19 00:00:00,0
2016-05-20 00:00:00,0
2016-05-21 00:00:00,9.629
2016-05-22 00:00:00,0
2016-05-23 00:00:00,0
2016-05-24 00:00:00,0
2016-05-25 00:00:00,0
2016-05-26 00:00:00,0
2016-05-27 00:00:00,0
2016-05-28 00:00:00,0
2016-05-29 00:00:00,0
2016-05-30 00:00:00,0
2016-05-31 00:00:00,0
2016-06-01 00:00:00,0
2016-06-02 00:00:00,0
2016-06-03 00:00:00,0
2016-06-04 00:00:00,0
2016-06-05 00:00:00,6.746
2016-06-06 00:00:00,7.371
2016-06-07 00:00:00,0
2016-06-08 00:00:00,0
2016-06-09 00:00:00,0
2016-06-10 00:00:00,0
2016-06-11 00:00:00,0
2016-06-12 00:00:00,0
2016-06-13 00:00:00,0
2016-06-14 00:00:00,0
2016-06-15 00:00:00,0
2016-06-16 00:00:00,0
2016-06-17 00:00:00,6.252
2016-06-18 00:00:00,0
2016-06-19 00:00:00,0
2016-06-20 00:00:00,0
2016-06-21 00:00:00,0
2016-06-22 00:00:00,4.92
2016-06-23 00:00:00,0
2016-06-24 00:00:00,0
2016-06-25 00:00:00,0
2016-06-26 00:00:00,12
2016-06-27 00:00:00,0
2016-06-28 00:00:00,0
2016-06-29 00:00:00,0
2016-06-30 00:00:00,0
2016-07-01 00:00:00,0
2016-07-02 00:00:00,3.966
2016-07-03 00:00:00,0
2016-07-04 00:00:00,0
2016-07-05 00:00:00,0
2016-07-06 00:00:00,0
2016-07-07 00:00:00,0
2016-07-08 00:00:00,0
2016-07-09 00:00:00,0
2016-07-10 00:00:00,0
2016-07-11 00:00:00,3.316
2016-07-12 00:00:00,0
2016-07-13 00:00:00,0
2016-07-14 00:00:00,0
2016-07-15 00:00:00,0
2016-07-16 00:00:00,0
2016-07-17 00:00:00,0
2016-07-18 00:00:00,6.217
2016-07-19 00:00:00,0
2016-07-20 00:00:00,0
2016-07-21 00:00:00,0
2016-07-22 00:00:00,0
2016-07-23 00:00:00,0
2016-07-24 00:00:00,0
2016-07-25 00:00:00,8.359
2016-07-26 00:00:00,11.714
2016-07-27 00:00:00,0
2016-07-28 00:00:00,0
2016-07-29 00:00:00,0
2016-07-30 00:00:00,0
2016-07-31 00:00:00,0
2016-08-01 00:00:00,0
2016-08-02 00:00:00,0
2016-08-03 00:00:00,0
2016-08-04 00:00:00,0
2016-08-05 00:00:00,0
2016-08-06 00:00:00,0
2016-08-07 00:00:00,0
2016-08-08 00:00:00,0
2016-08-09 00:00:00,0
2016-08-10 00:00:00,0
2016-08-11 00:00:00,6.877
2016-08-12 00:00:00,0
2016-08-13 00:00:00,0
2016-08-14 00:00:00,0
2016-08-15 00:00:00,0
2016-08-16 00:00:00,0
2016-08-17 00:00:00,0
2016-08-18 00:00:00,0
2016-08-19 00:00:00,0
2016-08-20 00:00:00,0
2016-08-21 00:00:00,0
2016-08-22 00:00:00,0
2016-08-23 00:00:00,0
2016-08-24 00:00:00,0
2016-08-25 00:00:00,0
2016-08-26 00:00:00,0
2016-08-27 00:00:00,5.198
2016-08-28 00:00:00,0
2016-08-29 00:00:00,0
2016-08-30 00:00:00,0
2016-08-31 00:00:00,0
2016-09-01 00:00:00,0
2016-09-02 00:00:00,0
2016-09-03 00:00:00,0
2016-09-04 00:00:00,0
2016-09-05 00:00:00,0
2016-09-06 00:00:00,0
2016-09-07 00:00:00,0
2016-09-08 00:00:00,0
2016-09-09 00:00:00,0
2016-09-10 00:00:00,0
2016-09-11 00:00:00,0
2016-09-12 00:00:00,0
2016-09-13 00:00:00,0
2016-09-14 00:00:00,0
2016-09-15 00:00:00,0
2016-09-16 00:00:00,0
2016-09-17 00:00:00,0
2016-09-18 00:00:00,0
2016-09-19 00:00:00,0
2016-09-20 00:00:00,0
2016-09-21 00:00:00,0
2016-09-22 00:00:00,0
2016-09-23 00:00:00,0
2016-09-24 00:00:00,0
2016-09-25 00:00:00,1.503
2016-09-26 00:00:00,0
2016-09-27 00:00:00,0
2016-09-28 00:00:00,0
2016-09-29 00:00:00,9.811
2016-09-30 00:00:00,0
2016-10-01 00:00:00,5.969
2016-10-02 00:00:00,0
2016-10-03 00:00:00,0
2016-10-04 00:00:00,0
2016-10-05 00:00:00,0
2016-10-06 00:00:00,0
2016-10-07 00:00:00,0
2016-10-08 00:00:00,0
2016-10-09 00:00:00,0
2016-10-10 00:00:00,0
2016-10-11 00:00:00,0
2016-10-12 00:00:00,0
2016-10-13 00:00:00,0
2016-10-14 00:00:00,0
2016-10-15 00:00:00,0
2016-10-16 00:00:00,0
2016-10-17 00:00:00,0
2016-10-18 00:00:00,0
2016-10-19 00:00:00,0
2016-10-20 00:00:00,0
2016-10-21 00:00:00,0
2016-10-22 00:00:00,0
2016-10-23 00:00:00,3.085
2016-10-24 00:00:00,3.085
2016-10-25 00:00:00,6.17
2016-10-26 00:00:00,0
2016-10-27 00:00:00,0
2016-10-28 00:00:00,0
2016-10-29 00:00:00,0
2016-10-30 00:00:00,0
2016-10-31 00:00:00,0
2016-11-01 00:00:00,0
2016-11-02 00:00:00,0
2016-11-03 00:00:00,0
2016-11-04 00:00:00,0
2016-11-05 00:00:00,0
2016-11-06 00:00:00,0
2016-11-07 00:00:00,0
2016-11-08 00:00:00,5.796
2016-11-09 00:00:00,0
2016-11-10 00:00:00,0
2016-11-11 00:00:00,0
2016-11-12 00:00:00,0
2016-11-13 00:00:00,10.473
2016-11-14 00:00:00,10.473
2016-11-15 00:00:00,0
2016-11-16 00:00:00,0
2016-11-17 00:00:00,0
2016-11-18 00:00:00,0
2016-11-19 00:00:00,0
2016-11-20 00:00:00,0
2016-11-21 00:00:00,0
2016-11-22 00:00:00,0
2016-11-23 00:00:00,0
2016-11-24 00:00:00,0
2016-11-25 00:00:00,5.715
2016-11-26 00:00:00,17.472
2016-11-27 00:00:00,0
2016-11-28 00:00:00,0
2016-11-29 00:00:00,0
2016-11-30 00:00:00,0
2016-12-01 00:00:00,6.229
2016-12-02 00:00:00,12.459
2016-12-03 00:00:00,0
2016-12-04 00:00:00,0
2016-12-05 00:00:00,0
2016-12-06 00:00:00,0
2016-12-07 00:00:00,0
2016-12-08 00:00:00,0
2016-12-09 00:00:00,0
2016-12-10 00:00:00,26.407
2016-12-11 00:00:00,43.862
2016-12-12 00:00:00,29.241
2016-12-13 00:00:00,0
2016-12-14 00:00:00,14.621
2016-12-15 00:00:00,0
2016-12-16 00:00:00,28.332
2016-12-17 00:00:00,14.166
2016-12-18 00:00:00,0
2016-12-19 00:00:00,7.083
2016-12-20 00:00:00,0
2016-12-21 00:00:00,0
2016-12-22 00:00:00,0
2016-12-23 00:00:00,19.658
2016-12-24 00:00:00,19.658
2016-12-25 00:00:00,6.553
2016-12-26 00:00:00,0
2016-12-27 00:00:00,0
2016-12-28 00:00:00,0
2016-12-29 00:00:00,0
2016-12-30 00:00:00,0
2016-12-31 00:00:00,0
2017-01-01 00:00:00,0
2017-01-02 00:00:00,0
2017-01-03 00:00:00,0
2017-01-04 00:00:00,0
2017-01-05 00:00:00,0
2017-01-06 00:00:00,0
2017-01-07 00:00:00,0
2017-01-08 00:00:00,0
2017-01-09 00:00:00,0
2017-01-10 00:00:00,0
2017-01-11 00:00:00,0
2017-01-12 00:00:00,14.212
2017-01-13 00:00:00,14.212
2017-01-14 00:00:00,14.212
2017-01-15 00:00:00,42.636
2017-01-16 00:00:00,79.804
2017-01-17 00:00:00,53.202
2017-01-18 00:00:00,0
2017-01-19 00:00:00,0
2017-01-20 00:00:00,0
2017-01-21 00:00:00,0
2017-01-22 00:00:00,20.293
2017-01-23 00:00:00,0
2017-01-24 00:00:00,0
2017-01-25 00:00:00,0
2017-01-26 00:00:00,17.211
2017-01-27 00:00:00,0
2017-01-28 00:00:00,0
2017-01-29 00:00:00,17.211
2017-01-30 00:00:00,8.605
2017-01-31 00:00:00,8.605
2017-02-01 00:00:00,0
2017-02-02 00:00:00,0
2017-02-03 00:00:00,0
2017-02-04 00:00:00,0
2017-02-05 00:00:00,0
2017-02-06 00:00:00,0
2017-02-07 00:00:00,0
2017-02-08 00:00:00,0
2017-02-09 00:00:00,0
2017-02-10 00:00:00,0
2017-02-11 00:00:00,0
2017-02-12 00:00:00,0
2017-02-13 00:00:00,0
2017-02-14 00:00:00,0
2017-02-15 00:00:00,78.794
2017-02-16 00:00:00,115.88
2017-02-17 00:00:00,0
2017-02-18 00:00:00,0
2017-02-19 00:00:00,0
2017-02-20 00:00:00,0
2017-02-21 00:00:00,0
2017-02-22 00:00:00,31.899
2017-02-23 00:00:00,0
2017-02-24 00:00:00,31.899
2017-02-25 00:00:00,0
2017-02-26 00:00:00,36.363
2017-02-27 00:00:00,0
2017-02-28 00:00:00,0
2017-03-01 00:00:00,0
2017-03-02 00:00:00,0
2017-03-03 00:00:00,0
2017-03-04 00:00:00,16.305
2017-03-05 00:00:00,0
2017-03-06 00:00:00,15.818
2017-03-07 00:00:00,0
2017-03-08 00:00:00,0
2017-03-09 00:00:00,0
2017-03-10 00:00:00,0
2017-03-11 00:00:00,0
2017-03-12 00:00:00,0
2017-03-13 00:00:00,0
2017-03-14 00:00:00,0
2017-03-15 00:00:00,0
2017-03-16 00:00:00,0
2017-03-17 00:00:00,0
2017-03-18 00:00:00,0
2017-03-19 00:00:00,0
2017-03-20 00:00:00,0
2017-03-21 00:00:00,0
2017-03-22 00:00:00,0
2017-03-23 00:00:00,0
2017-03-24 00:00:00,34.456
2017-03-25 00:00:00,0
2017-03-26 00:00:00,0
2017-03-27 00:00:00,0
2017-03-28 00:00:00,0
2017-03-29 00:00:00,0
2017-03-30 00:00:00,0
2017-03-31 00:00:00,0
2017-04-01 00:00:00,0
2017-04-02 00:00:00,0
2017-04-03 00:00:00,0
2017-04-04 00:00:00,0
2017-04-05 00:00:00,0
2017-04-06 00:00:00,3.951
2017-04-07 00:00:00,0
2017-04-08 00:00:00,0
2017-04-09 00:00:00,0
2017-04-10 00:00:00,0
2017-04-11 00:00:00,0
2017-04-12 00:00:00,0
2017-04-13 00:00:00,0
2017-04-14 00:00:00,4.174
2017-04-15 00:00:00,0
2017-04-16 00:00:00,0
2017-04-17 00:00:00,0
2017-04-18 00:00:00,0
2017-04-19 00:00:00,0
2017-04-20 00:00:00,0
2017-04-21 00:00:00,0
2017-04-22 00:00:00,0
2017-04-23 00:00:00,4.449
2017-04-24 00:00:00,4.449
2017-04-25 00:00:00,0
2017-04-26 00:00:00,0
2017-04-27 00:00:00,0
2017-04-28 00:00:00,0
2017-04-29 00:00:00,20.065
2017-04-30 00:00:00,0
2017-05-01 00:00:00,0
2017-05-02 00:00:00,0
2017-05-03 00:00:00,0
2017-05-04 00:00:00,0
2017-05-05 00:00:00,0
2017-05-06 00:00:00,0
2017-05-07 00:00:00,0
2017-05-08 00:00:00,0
2017-05-09 00:00:00,0
2017-05-10 00:00:00,0
2017-05-11 00:00:00,0
2017-05-12 00:00:00,0
2017-05-13 00:00:00,4.271
2017-05-14 00:00:00,0
2017-05-15 00:00:00,0
2017-05-16 00:00:00,0
2017-05-17 00:00:00,0
2017-05-18 00:00:00,0
2017-05-19 00:00:00,0
2017-05-20 00:00:00,0
2017-05-21 00:00:00,0
2017-05-22 00:00:00,7.053
2017-05-23 00:00:00,0
2017-05-24 00:00:00,0
2017-05-25 00:00:00,0
2017-05-26 00:00:00,0
2017-05-27 00:00:00,0
2017-05-28 00:00:00,7.793
2017-05-29 00:00:00,4.251
2017-05-30 00:00:00,0
2017-05-31 00:00:00,0
2017-06-01 00:00:00,0
2017-06-02 00:00:00,0
2017-06-03 00:00:00,0
2017-06-04 00:00:00,0
2017-06-05 00:00:00,6.237
2017-06-06 00:00:00,0
2017-06-07 00:00:00,0
2017-06-08 00:00:00,0
2017-06-09 00:00:00,9.808
2017-06-10 00:00:00,0
2017-06-11 00:00:00,0
2017-06-12 00:00:00,0
2017-06-13 00:00:00,0
2017-06-14 00:00:00,0
2017-06-15 00:00:00,11.035
2017-06-16 00:00:00,0
2017-06-17 00:00:00,0
2017-06-18 00:00:00,0
2017-06-19 00:00:00,0
2017-06-20 00:00:00,0
2017-06-21 00:00:00,0
2017-06-22 00:00:00,0
2017-06-23 00:00:00,6.329
2017-06-24 00:00:00,0
2017-06-25 00:00:00,0
2017-06-26 00:00:00,0
2017-06-27 00:00:00,0
2017-06-28 00:00:00,0
2017-06-29 00:00:00,7.995
2017-06-30 00:00:00,0
2017-07-01 00:00:00,0
2017-07-02 00:00:00,0
2017-07-03 00:00:00,0
2017-07-04 00:00:00,0
2017-07-05 00:00:00,0
2017-07-06 00:00:00,0
2017-07-07 00:00:00,0
2017-07-08 00:00:00,0
2017-07-09 00:00:00,0
2017-07-10 00:00:00,0
2017-07-11 00:00:00,0
2017-07-12 00:00:00,0
2017-07-13 00:00:00,0
2017-07-14 00:00:00,0
2017-07-15 00:00:00,0
2017-07-16 00:00:00,0
2017-07-17 00:00:00,5.998
2017-07-18 00:00:00,0
2017-07-19 00:00:00,0
2017-07-20 00:00:00,0
2017-07-21 00:00:00,0
2017-07-22 00:00:00,0
2017-07-23 00:00:00,0
2017-07-24 00:00:00,6.569
2017-07-25 00:00:00,0
2017-07-26 00:00:00,0
2017-07-27 00:00:00,0
2017-07-28 00:00:00,7.799
2017-07-29 00:00:00,0
2017-07-30 00:00:00,0
2017-07-31 00:00:00,0
2017-08-01 00:00:00,0
2017-08-02 00:00:00,0
2017-08-03 00:00:00,0
2017-08-04 00:00:00,0
2017-08-05 00:00:00,0
2017-08-06 00:00:00,0
2017-08-07 00:00:00,0
2017-08-08 00:00:00,0
2017-08-09 00:00:00,0
2017-08-10 00:00:00,0
2017-08-11 00:00:00,0
2017-08-12 00:00:00,0
2017-08-13 00:00:00,0
2017-08-14 00:00:00,4.926
2017-08-15 00:00:00,0
2017-08-16 00:00:00,0
2017-08-17 00:00:00,0
2017-08-18 00:00:00,0
2017-08-19 00:00:00,0
2017-08-20 00:00:00,0
2017-08-21 00:00:00,0
2017-08-22 00:00:00,0
2017-08-23 00:00:00,0
2017-08-24 00:00:00,0
2017-08-25 00:00:00,4.063
2017-08-26 00:00:00,4.271
2017-08-27 00:00:00,0
2017-08-28 00:00:00,0
2017-08-29 00:00:00,0
2017-08-30 00:00:00,0
2017-08-31 00:00:00,0
2017-09-01 00:00:00,0
2017-09-02 00:00:00,0
2017-09-03 00:00:00,0
2017-09-04 00:00:00,0
2017-09-05 00:00:00,0
2017-09-06 00:00:00,0
2017-09-07 00:00:00,0
2017-09-08 00:00:00,0
2017-09-09 00:00:00,0
2017-09-10 00:00:00,0
2017-09-11 00:00:00,0
2017-09-12 00:00:00,0
2017-09-13 00:00:00,0
2017-09-14 00:00:00,0
2017-09-15 00:00:00,0
2017-09-16 00:00:00,0
2017-09-17 00:00:00,0
2017-09-18 00:00:00,0
2017-09-19 00:00:00,0
2017-09-20 00:00:00,0
2017-09-21 00:00:00,0
2017-09-22 00:00:00,0
2017-09-23 00:00:00,0
2017-09-24 00:00:00,0
2017-09-25 00:00:00,0
2017-09-26 00:00:00,0
2017-09-27 00:00:00,13.209
2017-09-28 00:00:00,0
2017-09-29 00:00:00,0
2017-09-30 00:00:00,0
2017-10-01 00:00:00,0
2017-10-02 00:00:00,0
2017-10-03 00:00:00,0
2017-10-04 00:00:00,0
2017-10-05 00:00:00,0
2017-10-06 00:00:00,0
2017-10-07 00:00:00,0
2017-10-08 00:00:00,11.137
2017-10-09 00:00:00,5.568
2017-10-10 00:00:00,0
2017-10-11 00:00:00,0
2017-10-12 00:00:00,0
2017-10-13 00:00:00,0
2017-10-14 00:00:00,0
2017-10-15 00:00:00,0
2017-10-16 00:00:00,0
2017-10-17 00:00:00,0
2017-10-18 00:00:00,0
2017-10-19 00:00:00,0
2017-10-20 00:00:00,0
2017-10-21 00:00:00,0
2017-10-22 00:00:00,0
2017-10-23 00:00:00,0
2017-10-24 00:00:00,0
2017-10-25 00:00:00,0
2017-10-26 00:00:00,0
2017-10-27 00:00:00,19.761
2017-10-28 00:00:00,0
2017-10-29 00:00:00,0
2017-10-30 00:00:00,0
2017-10-31 00:00:00,0
2017-11-01 00:00:00,0
2017-11-02 00:00:00,0
2017-11-03 00:00:00,0
2017-11-04 00:00:00,0
2017-11-05 00:00:00,0
2017-11-06 00:00:00,0
2017-11-07 00:00:00,0
2017-11-08 00:00:00,0
2017-11-09 00:00:00,0
2017-11-10 00:00:00,3.992
2017-11-11 00:00:00,0
2017-11-12 00:00:00,8.86
2017-11-13 00:00:00,0
2017-11-14 00:00:00,0
2017-11-15 00:00:00,17.719
2017-11-16 00:00:00,0
2017-11-17 00:00:00,0
2017-11-18 00:00:00,0
2017-11-19 00:00:00,0
2017-11-20 00:00:00,0
2017-11-21 00:00:00,0
2017-11-22 00:00:00,0
2017-11-23 00:00:00,0
2017-11-24 00:00:00,0
2017-11-25 00:00:00,0
2017-11-26 00:00:00,11.435
2017-11-27 00:00:00,0
2017-11-28 00:00:00,0
2017-11-29 00:00:00,0
2017-11-30 00:00:00,0
2017-12-01 00:00:00,0
2017-12-02 00:00:00,0
2017-12-03 00:00:00,0
2017-12-04 00:00:00,0
2017-12-05 00:00:00,0
2017-12-06 00:00:00,0
2017-12-07 00:00:00,0
2017-12-08 00:00:00,0
2017-12-09 00:00:00,0
2017-12-10 00:00:00,0
2017-12-11 00:00:00,0
2017-12-12 00:00:00,0
2017-12-13 00:00:00,10.258
2017-12-14 00:00:00,0
2017-12-15 00:00:00,0
2017-12-16 00:00:00,0
2017-12-17 00:00:00,0
2017-12-18 00:00:00,0
2017-12-19 00:00:00,0
2017-12-20 00:00:00,0
2017-12-21 00:00:00,0
2017-12-22 00:00:00,0
2017-12-23 00:00:00,5.292
2017-12-24 00:00:00,5.292
2017-12-25 00:00:00,0
2017-12-26 00:00:00,12.09
2017-12-27 00:00:00,0
2017-12-28 00:00:00,0
2017-12-29 00:00:00,0
2017-12-30 00:00:00,0
2017-12-31 00:00:00,12.09
2018-01-01 00:00:00,0
2018-01-02 00:00:00,45.883
2018-01-03 00:00:00,0
2018-01-04 00:00:00,0
2018-01-05 00:00:00,0
2018-01-06 00:00:00,0
2018-01-07 00:00:00,0
2018-01-08 00:00:00,0
2018-01-09 00:00:00,0
2018-01-10 00:00:00,0
2018-01-11 00:00:00,0
2018-01-12 00:00:00,0
2018-01-13 00:00:00,0
2018-01-14 00:00:00,0
2018-01-15 00:00:00,0
2018-01-16 00:00:00,0
2018-01-17 00:00:00,0
2018-01-18 00:00:00,0
2018-01-19 00:00:00,0
2018-01-20 00:00:00,0
2018-01-21 00:00:00,0
2018-01-22 00:00:00,0
2018-01-23 00:00:00,0
2018-01-24 00:00:00,0
2018-01-25 00:00:00,0
2018-01-26 00:00:00,0
2018-01-27 00:00:00,0
2018-01-28 00:00:00,0
2018-01-29 00:00:00,0
2018-01-30 00:00:00,0
2018-01-31 00:00:00,25.726
2018-02-01 00:00:00,12.054
2018-02-02 00:00:00,0
2018-02-03 00:00:00,12.054
2018-02-04 00:00:00,12.054
2018-02-05 00:00:00,0
2018-02-06 00:00:00,0
2018-02-07 00:00:00,0
2018-02-08 00:00:00,0
2018-02-09 00:00:00,0
2018-02-10 00:00:00,0
2018-02-11 00:00:00,0
2018-02-12 00:00:00,0
2018-02-13 00:00:00,0
2018-02-14 00:00:00,0
2018-02-15 00:00:00,0
2018-02-16 00:00:00,72.293
2018-02-17 00:00:00,54.219
2018-02-18 00:00:00,0
2018-02-19 00:00:00,18.073
2018-02-20 00:00:00,0
2018-02-21 00:00:00,0
2018-02-22 00:00:00,0
2018-02-23 00:00:00,0
2018-02-24 00:00:00,0
2018-02-25 00:00:00,74.166
2018-02-26 00:00:00,15.924
2018-02-27 00:00:00,0
2018-02-28 00:00:00,0
2018-03-01 00:00:00,0
2018-03-02 00:00:00,0
2018-03-03 00:00:00,0
2018-03-04 00:00:00,0
2018-03-05 00:00:00,0
2018-03-06 00:00:00,0
2018-03-07 00:00:00,0
2018-03-08 00:00:00,0
2018-03-09 00:00:00,16.551
2018-03-10 00:00:00,0
2018-03-11 00:00:00,0
2018-03-12 00:00:00,0
2018-03-13 00:00:00,0
2018-03-14 00:00:00,0
2018-03-15 00:00:00,0
2018-03-16 00:00:00,0
2018-03-17 00:00:00,0
2018-03-18 00:00:00,0
2018-03-19 00:00:00,0
2018-03-20 00:00:00,0
2018-03-21 00:00:00,0
2018-03-22 00:00:00,0
2018-03-23 00:00:00,0
2018-03-24 00:00:00,0
2018-03-25 00:00:00,0
2018-03-26 00:00:00,41.233
2018-03-27 00:00:00,0
2018-03-28 00:00:00,0
2018-03-29 00:00:00,0
2018-03-30 00:00:00,0
2018-03-31 00:00:00,0
2018-04-01 00:00:00,0
2018-04-02 00:00:00,0
2018-04-03 00:00:00,0
2018-04-04 00:00:00,0
2018-04-05 00:00:00,0
2018-04-06 00:00:00,25.888
2018-04-07 00:00:00,0
2018-04-08 00:00:00,0
2018-04-09 00:00:00,0
2018-04-10 00:00:00,0
2018-04-11 00:00:00,0
2018-04-12 00:00:00,0
2018-04-13 00:00:00,0
2018-04-14 00:00:00,0
2018-04-15 00:00:00,0
2018-04-16 00:00:00,0
2018-04-17 00:00:00,0
2018-04-18 00:00:00,0
2018-04-19 00:00:00,0
2018-04-20 00:00:00,0
2018-04-21 00:00:00,0
2018-04-22 00:00:00,0
2018-04-23 00:00:00,0
2018-04-24 00:00:00,0
2018-04-25 00:00:00,0
2018-04-26 00:00:00,0
2018-04-27 00:00:00,0
2018-04-28 00:00:00,0
2018-04-29 00:00:00,0
2018-04-30 00:00:00,0
2018-05-01 00:00:00,0
2018-05-02 00:00:00,0
2018-05-03 00:00:00,0
2018-05-04 00:00:00,0
2018-05-05 00:00:00,0
2018-05-06 00:00:00,0
2018-05-07 00:00:00,0
2018-05-08 00:00:00,7.578
2018-05-09 00:00:00,0
2018-05-10 00:00:00,0
2018-05-11 00:00:00,0
2018-05-12 00:00:00,0
2018-05-13 00:00:00,0
2018-05-14 00:00:00,11.002
2018-05-15 00:00:00,4.78
2018-05-16 00:00:00,0
2018-05-17 00:00:00,0
2018-05-18 00:00:00,0
2018-05-19 00:00:00,0
2018-05-20 00:00:00,0
2018-05-21 00:00:00,8.768
2018-05-22 00:00:00,0
2018-05-23 00:00:00,0
2018-05-24 00:00:00,0
2018-05-25 00:00:00,0
2018-05-26 00:00:00,0
2018-05-27 00:00:00,0
2018-05-28 00:00:00,0
2018-05-29 00:00:00,0
2018-05-30 00:00:00,0
2018-05-31 00:00:00,0
2018-06-01 00:00:00,0
2018-06-02 00:00:00,0
2018-06-03 00:00:00,0
2018-06-04 00:00:00,6.804
2018-06-05 00:00:00,0
2018-06-06 00:00:00,0
2018-06-07 00:00:00,5.66
2018-06-08 00:00:00,0
2018-06-09 00:00:00,0
2018-06-10 00:00:00,0
2018-06-11 00:00:00,0
2018-06-12 00:00:00,5.713
2018-06-13 00:00:00,0
2018-06-14 00:00:00,0
2018-06-15 00:00:00,0
2018-06-16 00:00:00,0
2018-06-17 00:00:00,8.005
2018-06-18 00:00:00,0
2018-06-19 00:00:00,0
2018-06-20 00:00:00,0
2018-06-21 00:00:00,8.429
2018-06-22 00:00:00,0
2018-06-23 00:00:00,0
2018-06-24 00:00:00,0
2018-06-25 00:00:00,0
2018-06-26 00:00:00,0
2018-06-27 00:00:00,0
2018-06-28 00:00:00,0
2018-06-29 00:00:00,0
2018-06-30 00:00:00,0
2018-07-01 00:00:00,0
2018-07-02 00:00:00,0
2018-07-03 00:00:00,7.317
2018-07-04 00:00:00,0
2018-07-05 00:00:00,0
2018-07-06 00:00:00,0
2018-07-07 00:00:00,0
2018-07-08 00:00:00,4.542
2018-07-09 00:00:00,0
2018-07-10 00:00:00,0
2018-07-11 00:00:00,0
2018-07-12 00:00:00,0
2018-07-13 00:00:00,0
2018-07-14 00:00:00,0
2018-07-15 00:00:00,9.26
2018-07-16 00:00:00,0
2018-07-17 00:00:00,0
2018-07-18 00:00:00,0
2018-07-19 00:00:00,0
2018-07-20 00:00:00,0
2018-07-21 00:00:00,4.473
2018-07-22 00:00:00,4.774
2018-07-23 00:00:00,0
2018-07-24 00:00:00,0
2018-07-25 00:00:00,0
2018-07-26 00:00:00,0
2018-07-27 00:00:00,0
2018-07-28 00:00:00,0
2018-07-29 00:00:00,0
2018-07-30 00:00:00,0
2018-07-31 00:00:00,19.526
2018-08-01 00:00:00,0
2018-08-02 00:00:00,0
2018-08-03 00:00:00,0
2018-08-04 00:00:00,0
2018-08-05 00:00:00,0
2018-08-06 00:00:00,0
2018-08-07 00:00:00,0
2018-08-08 00:00:00,0
2018-08-09 00:00:00,0
2018-08-10 00:00:00,0
2018-08-11 00:00:00,3.862
2018-08-12 00:00:00,0
2018-08-13 00:00:00,0
2018-08-14 00:00:00,0
2018-08-15 00:00:00,0
2018-08-16 00:00:00,0
2018-08-17 00:00:00,0
2018-08-18 00:00:00,3.275
2018-08-19 00:00:00,0
2018-08-20 00:00:00,0
2018-08-21 00:00:00,0
2018-08-22 00:00:00,0
2018-08-23 00:00:00,0
2018-08-24 00:00:00,0
2018-08-25 00:00:00,0
2018-08-26 00:00:00,0
2018-08-27 00:00:00,5.535
2018-08-28 00:00:00,0
2018-08-29 00:00:00,0
2018-08-30 00:00:00,0
2018-08-31 00:00:00,0
2018-09-01 00:00:00,0
2018-09-02 00:00:00,0
2018-09-03 00:00:00,0
2018-09-04 00:00:00,0
2018-09-05 00:00:00,0
2018-09-06 00:00:00,0
2018-09-07 00:00:00,0
2018-09-08 00:00:00,0
2018-09-09 00:00:00,24.226
2018-09-10 00:00:00,0
2018-09-11 00:00:00,0
2018-09-12 00:00:00,0
2018-09-13 00:00:00,0
2018-09-14 00:00:00,0
2018-09-15 00:00:00,0
2018-09-16 00:00:00,0
2018-09-17 00:00:00,0
2018-09-18 00:00:00,0
2018-09-19 00:00:00,0
2018-09-20 00:00:00,0
2018-09-21 00:00:00,0
2018-09-22 00:00:00,0
2018-09-23 00:00:00,0
2018-09-24 00:00:00,0
2018-09-25 00:00:00,0
2018-09-26 00:00:00,0
2018-09-27 00:00:00,0
2018-09-28 00:00:00,0
2018-09-29 00:00:00,0
2018-09-30 00:00:00,0
2018-10-01 00:00:00,0
2018-10-02 00:00:00,0
2018-10-03 00:00:00,0
2018-10-04 00:00:00,0
2018-10-05 00:00:00,0
2018-10-06 00:00:00,0
2018-10-07 00:00:00,0
2018-10-08 00:00:00,0
2018-10-09 00:00:00,0
2018-10-10 00:00:00,0
2018-10-11 00:00:00,0
2018-10-12 00:00:00,0
2018-10-13 00:00:00,0
2018-10-14 00:00:00,0
2018-10-15 00:00:00,0
2018-10-16 00:00:00,0
2018-10-17 00:00:00,15.997
2018-10-18 00:00:00,15.997
2018-10-19 00:00:00,0
2018-10-20 00:00:00,0
2018-10-21 00:00:00,0
2018-10-22 00:00:00,0
2018-10-23 00:00:00,0
2018-10-24 00:00:00,0
2018-10-25 00:00:00,0
2018-10-26 00:00:00,0
2018-10-27 00:00:00,0
2018-10-28 00:00:00,0
2018-10-29 00:00:00,0
2018-10-30 00:00:00,0
2018-10-31 00:00:00,0
2018-11-01 00:00:00,0
2018-11-02 00:00:00,11.604
2018-11-03 00:00:00,0
2018-11-04 00:00:00,0
2018-11-05 00:00:00,0
2018-11-06 00:00:00,0
2018-11-07 00:00:00,0
2018-11-08 00:00:00,0
2018-11-09 00:00:00,0
2018-11-10 00:00:00,0
2018-11-11 00:00:00,0
2018-11-12 00:00:00,0
2018-11-13 00:00:00,0
2018-11-14 00:00:00,0
2018-11-15 00:00:00,0
2018-11-16 00:00:00,0
2018-11-17 00:00:00,0
2018-11-18 00:00:00,0
2018-11-19 00:00:00,0
2018-11-20 00:00:00,0
2018-11-21 00:00:00,7.69
2018-11-22 00:00:00,7.69
2018-11-23 00:00:00,0
2018-11-24 00:00:00,0
2018-11-25 00:00:00,0
2018-11-26 00:00:00,0
2018-11-27 00:00:00,0
2018-11-28 00:00:00,15.335
2018-11-29 00:00:00,0
2018-11-30 00:00:00,0
2018-12-01 00:00:00,0
2018-12-02 00:00:00,4.805
2018-12-03 00:00:00,0
2018-12-04 00:00:00,0
2018-12-05 00:00:00,4.805
2018-12-06 00:00:00,11.827
2018-12-07 00:00:00,0
2018-12-08 00:00:00,5.913
2018-12-09 00:00:00,11.827
2018-12-10 00:00:00,0
2018-12-11 00:00:00,0
2018-12-12 00:00:00,0
2018-12-13 00:00:00,0
2018-12-14 00:00:00,0
2018-12-15 00:00:00,0
2018-12-16 00:00:00,0
2018-12-17 00:00:00,0
2018-12-18 00:00:00,0
2018-12-19 00:00:00,0
2018-12-20 00:00:00,20.458
2018-12-21 00:00:00,1.061
2018-12-22 00:00:00,0.004
2018-12-23 00:00:00,0.003
2018-12-24 00:00:00,0
2018-12-25 00:00:00,0
2018-12-26 00:00:00,0
2018-12-27 00:00:00,0
2018-12-28 00:00:00,21.288
2018-12-29 00:00:00,0
2018-12-30 00:00:00,0
2018-12-31 00:00:00,0
2019-01-01 00:00:00,0
2019-01-02 00:00:00,39.595
2019-01-03 00:00:00,0
2019-01-04 00:00:00,0
2019-01-05 00:00:00,0
2019-01-06 00:00:00,21.337
2019-01-07 00:00:00,0
2019-01-08 00:00:00,0
2019-01-09 00:00:00,0
2019-01-10 00:00:00,0
2019-01-11 00:00:00,0
2019-01-12 00:00:00,12.361
2019-01-13 00:00:00,0
2019-01-14 00:00:00,37.082
2019-01-15 00:00:00,24.721
2019-01-16 00:00:00,37.725
2019-01-17 00:00:00,25.15
2019-01-18 00:00:00,25.15
2019-01-19 00:00:00,0
2019-01-20 00:00:00,12.575
2019-01-21 00:00:00,0
2019-01-22 00:00:00,0
2019-01-23 00:00:00,0
2019-01-24 00:00:00,0
2019-01-25 00:00:00,0
2019-01-26 00:00:00,0
2019-01-27 00:00:00,0
2019-01-28 00:00:00,0
2019-01-29 00:00:00,0
2019-01-30 00:00:00,0
2019-01-31 00:00:00,0
2019-02-01 00:00:00,0
2019-02-02 00:00:00,0
2019-02-03 00:00:00,0
2019-02-04 00:00:00,0
2019-02-05 00:00:00,0
2019-02-06 00:00:00,0
2019-02-07 00:00:00,0
2019-02-08 00:00:00,0
2019-02-09 00:00:00,0
2019-02-10 00:00:00,0
2019-02-11 00:00:00,0
2019-02-12 00:00:00,0
2019-02-13 00:00:00,58.83
2019-02-14 00:00:00,58.83
2019-02-15 00:00:00,19.61
2019-02-16 00:00:00,0
2019-02-17 00:00:00,54.213
2019-02-18 00:00:00,0
2019-02-19 00:00:00,0
2019-02-20 00:00:00,0
2019-02-21 00:00:00,0
2019-02-22 00:00:00,0
2019-02-23 00:00:00,0
2019-02-24 00:00:00,41.264
2019-02-25 00:00:00,0
2019-02-26 00:00:00,7.117
2019-02-27 00:00:00,0
2019-02-28 00:00:00,0
2019-03-01 00:00:00,17.87
2019-03-02 00:00:00,0
2019-03-03 00:00:00,0
2019-03-04 00:00:00,0
2019-03-05 00:00:00,0
2019-03-06 00:00:00,0
2019-03-07 00:00:00,0
2019-03-08 00:00:00,0
2019-03-09 00:00:00,0
2019-03-10 00:00:00,0
2019-03-11 00:00:00,0
2019-03-12 00:00:00,0
2019-03-13 00:00:00,0
2019-03-14 00:00:00,0
2019-03-15 00:00:00,0
2019-03-16 00:00:00,35.999
2019-03-17 00:00:00,0
2019-03-18 00:00:00,0
2019-03-19 00:00:00,0
2019-03-20 00:00:00,0
2019-03-21 00:00:00,0
2019-03-22 00:00:00,0
2019-03-23 00:00:00,0
2019-03-24 00:00:00,0
2019-03-25 00:00:00,0
2019-03-26 00:00:00,0
2019-03-27 00:00:00,0
2019-03-28 00:00:00,0
2019-03-29 00:00:00,0
2019-03-30 00:00:00,0
2019-03-31 00:00:00,0
